id,resume_text,job_field,experience_level,ats_score,skills_count,created_date
SE_001,"John Smith - Senior Software Engineer with 8+ years of experience in full-stack development. Proficient in Python, JavaScript, React, Node.js, and AWS. Led development teams of 10+ engineers at Fortune 500 companies. Built scalable web applications serving millions of users. Expert in microservices architecture, Docker, Kubernetes, and CI/CD pipelines. Strong background in agile development methodologies and test-driven development. Experience with databases including PostgreSQL, MongoDB, and Redis. Implemented DevOps practices reducing deployment time by 75%. Published technical articles and speaker at tech conferences.",Software Engineering,Senior,92,15,2024-01-15
SE_002,"Sarah Johnson - Full-Stack Developer with 5 years experience building modern web applications. Skilled in React, Vue.js, TypeScript, and Python Django. Experience with cloud platforms AWS and Azure. Built e-commerce platforms processing $2M+ in annual revenue. Proficient in database design with MySQL and PostgreSQL. Implemented automated testing suites achieving 95% code coverage. Strong understanding of responsive design and accessibility standards. Experience with version control using Git and collaborative development workflows.",Software Engineering,Mid,88,12,2024-01-16
SE_003,"Michael Chen - Backend Engineer specializing in distributed systems and high-performance APIs. 6+ years experience with Java, Spring Boot, and Apache Kafka. Built microservices handling 100K+ requests per second. Expert in system design and database optimization. Experience with Elasticsearch, Redis, and message queuing systems. Implemented monitoring and logging solutions using Prometheus and Grafana. Strong background in performance tuning and scalability optimization. Led migration from monolithic to microservices architecture.",Software Engineering,Senior,90,14,2024-01-17
SE_004,"Emily Davis - Frontend Developer with expertise in modern JavaScript frameworks. 4 years experience with React, Angular, and Vue.js. Proficient in HTML5, CSS3, and responsive web design. Experience with build tools including Webpack, Babel, and npm. Built progressive web applications with offline capabilities. Strong understanding of browser compatibility and performance optimization. Experience with UI/UX design principles and user testing. Collaborated with design teams to implement pixel-perfect interfaces.",Software Engineering,Mid,85,11,2024-01-18
SE_005,"David Wilson - DevOps Engineer with 7 years experience in cloud infrastructure and automation. Expert in AWS, Docker, Kubernetes, and Terraform. Implemented CI/CD pipelines reducing deployment time by 80%. Experience with monitoring tools including Datadog, New Relic, and CloudWatch. Built infrastructure as code for scalable applications. Strong background in security best practices and compliance. Experience with configuration management using Ansible and Chef. Led cloud migration projects saving $500K annually.",Software Engineering,Senior,94,16,2024-01-19
SE_006,"Lisa Rodriguez - Mobile App Developer with 5+ years experience in iOS and Android development. Proficient in Swift, Kotlin, and React Native. Published 15+ apps on App Store and Google Play with 1M+ downloads. Experience with mobile UI/UX design and user engagement optimization. Built real-time chat applications and social media platforms. Strong understanding of mobile security and data protection. Experience with app store optimization and user acquisition strategies. Collaborated with product teams on feature development.",Software Engineering,Mid,87,13,2024-01-20
SE_007,"Robert Kim - Game Developer with Unity and Unreal Engine experience. 6 years developing mobile and PC games. Proficient in C#, C++, and game physics engines. Developed multiplayer games with real-time networking. Experience with 3D graphics, shaders, and performance optimization. Built game monetization systems and analytics tracking. Strong understanding of game design principles and player psychology. Published games generating $1M+ in revenue. Experience with VR/AR development and emerging technologies.",Software Engineering,Senior,89,12,2024-01-21
SE_008,"Jennifer Lee - Security Engineer with expertise in application security and penetration testing. 5+ years experience in cybersecurity and secure coding practices. Proficient in OWASP security standards and vulnerability assessment. Experience with security tools including Burp Suite, Nessus, and Metasploit. Implemented security frameworks for enterprise applications. Strong background in cryptography and secure communication protocols. Conducted security audits and compliance assessments. Led incident response and forensic investigations.",Software Engineering,Mid,91,14,2024-01-22
SE_009,"Thomas Anderson - AI/ML Engineer with deep learning and computer vision expertise. 4+ years experience with Python, TensorFlow, and PyTorch. Built recommendation systems and predictive models. Experience with natural language processing and sentiment analysis. Deployed ML models in production serving millions of users. Strong background in statistics and mathematical modeling. Published research papers in machine learning conferences. Experience with big data technologies including Spark and Hadoop.",Software Engineering,Mid,93,15,2024-01-23
SE_010,"Amanda White - Site Reliability Engineer focused on system monitoring and incident response. 6 years experience with large-scale distributed systems. Expert in Prometheus, Grafana, and alerting systems. Improved system uptime to 99.99% through proactive monitoring. Experience with chaos engineering and disaster recovery planning. Built automated remediation systems reducing MTTR by 60%. Strong background in Linux system administration and networking. Led on-call procedures and incident management processes.",Software Engineering,Senior,88,13,2024-01-24
DA_001,"Maria Garcia - Senior Data Analyst with 6+ years experience in business intelligence and analytics. Expert in SQL, Python, and Tableau for data visualization. Analyzed customer behavior data leading to 30% increase in retention rates. Built executive dashboards tracking KPIs across multiple business units. Strong background in statistical analysis and A/B testing methodologies. Experience with data warehousing and ETL processes using Airflow. Proficient in advanced Excel and Google Analytics. Led data-driven decision making initiatives saving $2M annually.",Data Analyst,Senior,89,14,2024-01-25
DA_002,"James Thompson - Marketing Data Analyst specializing in customer segmentation and campaign optimization. 4 years experience with Google Analytics, Adobe Analytics, and marketing automation tools. Increased marketing ROI by 45% through data-driven insights and personalization strategies. Experience with cohort analysis and customer lifetime value modeling. Proficient in R and Python for statistical analysis. Built predictive models for customer churn and acquisition. Strong understanding of digital marketing metrics and attribution modeling.",Data Analyst,Mid,86,12,2024-01-26
DA_003,"Rachel Brown - Financial Data Analyst with CPA background and advanced analytical skills. 5+ years experience in financial modeling and forecasting. Expert in Excel, SQL, and financial reporting automation. Built revenue forecasting models with 95% accuracy. Experience with SAP, Oracle, and financial databases. Conducted variance analysis and budget planning for $100M+ budgets. Strong background in risk analysis and regulatory compliance. Implemented automated reporting systems reducing manual work by 70%.",Data Analyst,Mid,91,13,2024-01-27
DA_004,"Kevin Martinez - Healthcare Data Analyst with experience in clinical research and population health analytics. 4+ years analyzing patient outcomes and treatment effectiveness. Proficient in R, SAS, and medical databases including Epic and Cerner. Built predictive models for patient readmission and risk stratification. Experience with HIPAA compliance and healthcare data privacy. Conducted statistical analysis for clinical trials and research studies. Strong background in epidemiology and biostatistics.",Data Analyst,Mid,88,11,2024-01-28
DA_005,"Nicole Taylor - E-commerce Data Analyst focused on conversion optimization and user behavior analysis. 5 years experience with web analytics and customer journey mapping. Increased online sales by 35% through funnel analysis and personalization. Expert in Google Analytics, Mixpanel, and heat mapping tools. Built recommendation engines and dynamic pricing models. Experience with A/B testing and multivariate testing frameworks. Strong understanding of e-commerce metrics and customer acquisition costs.",Data Analyst,Mid,87,12,2024-01-29
DA_006,"Christopher Wilson - Supply Chain Data Analyst with expertise in inventory optimization and demand forecasting. 6+ years experience in logistics and operations analytics. Reduced inventory costs by 20% while maintaining 99% service levels. Proficient in advanced Excel, SQL, and supply chain management systems. Built demand forecasting models using time series analysis. Experience with ERP systems including SAP and Oracle. Strong background in lean manufacturing and process improvement methodologies.",Data Analyst,Senior,90,13,2024-01-30
DA_007,"Ashley Johnson - HR Data Analyst specializing in people analytics and workforce planning. 4 years experience with HRIS systems and employee data analysis. Improved employee retention by 25% through predictive modeling and intervention strategies. Expert in compensation analysis and pay equity studies. Experience with survey design and employee engagement analytics. Built workforce planning models for 10,000+ employee organization. Strong understanding of labor laws and HR compliance requirements.",Data Analyst,Mid,85,10,2024-01-31
DA_008,"Daniel Lee - Sports Data Analyst with statistical modeling and performance analysis expertise. 5+ years experience in professional sports analytics. Built player evaluation systems and game strategy models for professional teams. Proficient in R, Python, and sports databases. Experience with video analysis and advanced metrics development. Conducted statistical analysis for player contracts and team performance. Strong background in probability theory and predictive modeling. Published research in sports analytics journals.",Data Analyst,Mid,89,12,2024-02-01
DA_009,"Stephanie Davis - Social Media Data Analyst with expertise in sentiment analysis and engagement metrics. 4+ years managing social media campaigns reaching 5M+ users. Experience with social listening tools and influencer analytics. Built brand sentiment tracking and crisis monitoring systems. Proficient in Python for text analysis and natural language processing. Strong understanding of social media algorithms and content optimization. Conducted competitive analysis and market research using social data.",Data Analyst,Mid,84,11,2024-02-02
DA_010,"Matthew Rodriguez - Operations Research Analyst with optimization and simulation modeling experience. 6 years improving operational efficiency through mathematical modeling. Expert in linear programming, decision analysis, and simulation software. Improved logistics efficiency by 30% through route optimization. Experience with MATLAB, R, and optimization solvers. Built capacity planning and resource allocation models. Strong background in statistics and operations research methodologies. Led process improvement initiatives across multiple departments.",Data Analyst,Senior,92,14,2024-02-03
CON_001,"Alexandra Mitchell - Senior Management Consultant with 8+ years experience at Big 4 consulting firm. Led digital transformation projects for Fortune 500 clients resulting in $100M+ cost savings. Expert in strategy development, process optimization, and change management. Experience across multiple industries including healthcare, financial services, and technology. Strong background in project management and stakeholder engagement. Built business cases and ROI models for major initiatives. Excellent presentation and communication skills with C-level executives.",Consultant,Senior,94,16,2024-02-04
CON_002,"Jonathan Clark - Strategy Consultant with expertise in market entry and competitive analysis. 5+ years helping clients expand into new markets generating $200M+ revenue. Strong background in financial modeling and business case development. Experience with market research and customer segmentation. Built go-to-market strategies for technology startups. Expert in competitive intelligence and industry analysis. Strong analytical and problem-solving skills. MBA from top-tier business school.",Consultant,Mid,90,14,2024-02-05
CON_003,"Samantha Turner - IT Consultant specializing in system implementations and technology assessments. 6 years leading ERP implementations for mid-market companies. Expert in project management, vendor selection, and user training. Experience with SAP, Oracle, and Microsoft Dynamics. Built technology roadmaps and digital strategies. Strong background in business process reengineering. Managed budgets up to $10M for technology projects. Excellent client relationship management skills.",Consultant,Senior,88,13,2024-02-06
CON_004,"Marcus Johnson - Operations Consultant with Lean Six Sigma Black Belt certification. 7+ years improving operational efficiency across manufacturing and service industries. Achieved 40% efficiency improvements through process redesign and automation. Expert in value stream mapping and waste elimination. Experience with change management and employee training. Built performance measurement systems and KPI dashboards. Strong background in continuous improvement methodologies. Led cross-functional teams of 20+ members.",Consultant,Senior,91,15,2024-02-07
CON_005,"Victoria Adams - Financial Consultant with CPA and investment advisory experience. 5 years providing financial planning and M&A advisory services. Expert in valuation, due diligence, and capital structure optimization. Managed transactions worth $500M+ in total value. Experience with financial modeling and risk assessment. Strong background in corporate finance and investment analysis. Built financial forecasting models and scenario planning tools. Excellent client presentation and negotiation skills.",Consultant,Mid,89,12,2024-02-08
CON_006,"Ryan Thompson - HR Consultant with organizational development and talent management expertise. 6+ years designing compensation systems and performance management frameworks. Expert in change management and leadership development programs. Experience with organizational restructuring and culture transformation. Built talent acquisition strategies and retention programs. Strong background in employment law and HR compliance. Conducted employee engagement surveys and action planning. Excellent facilitation and training skills.",Consultant,Senior,87,13,2024-02-09
CON_007,"Natalie Wilson - Marketing Consultant with brand strategy and digital marketing experience. 4+ years increasing brand awareness by 200% through integrated marketing campaigns. Expert in market research and customer segmentation analysis. Experience with digital advertising and social media marketing. Built marketing automation systems and lead generation programs. Strong background in content marketing and SEO optimization. Conducted competitive analysis and positioning studies. Excellent creative and analytical skills.",Consultant,Mid,85,11,2024-02-10
CON_008,"Gregory Martinez - Supply Chain Consultant with procurement and logistics optimization expertise. 7 years reducing supply chain costs by 25% through strategic sourcing initiatives. Expert in vendor management and contract negotiation. Experience with global supply chain design and risk management. Built supplier evaluation and performance management systems. Strong background in inventory optimization and demand planning. Led cross-functional teams across multiple countries. Excellent project management and leadership skills.",Consultant,Senior,92,14,2024-02-11
CON_009,"Catherine Lee - Risk Management Consultant with compliance and regulatory experience. 5+ years helping financial services firms meet regulatory requirements. Expert in risk assessment and control framework design. Experience with SOX compliance and audit management. Built risk monitoring and reporting systems. Strong background in operational risk and business continuity planning. Conducted regulatory gap analyses and remediation planning. Excellent documentation and communication skills.",Consultant,Mid,88,12,2024-02-12
CON_010,"Benjamin Davis - Sustainability Consultant with ESG and carbon footprint analysis experience. 4 years helping companies achieve sustainability goals and certifications. Expert in environmental impact assessment and carbon accounting. Experience with renewable energy projects and green building certification. Built sustainability reporting and tracking systems. Strong background in environmental regulations and compliance. Conducted stakeholder engagement and materiality assessments. Excellent research and analytical skills.",Consultant,Mid,86,10,2024-02-13
SE_011,"Andrew Garcia - Cloud Architect with 9+ years designing scalable cloud solutions. Expert in AWS, Azure, and Google Cloud Platform. Led cloud migrations for enterprise clients saving $2M+ annually. Experience with serverless architectures and containerization. Built multi-region disaster recovery systems with 99.99% uptime. Strong background in cloud security and compliance frameworks. Implemented cost optimization strategies reducing cloud spend by 40%. Certified in multiple cloud platforms and technologies.",Software Engineering,Senior,95,17,2024-02-14
SE_012,"Jessica Brown - Data Engineer with expertise in big data processing and analytics pipelines. 5+ years building ETL systems processing terabytes of data daily. Proficient in Apache Spark, Hadoop, and Kafka for real-time data streaming. Experience with data warehousing using Snowflake and Redshift. Built machine learning pipelines and feature engineering systems. Strong background in data modeling and database optimization. Implemented data governance and quality monitoring systems.",Software Engineering,Mid,89,13,2024-02-15
SE_013,"Tyler Wilson - Blockchain Developer with cryptocurrency and DeFi experience. 4 years developing smart contracts and decentralized applications. Proficient in Solidity, Web3, and Ethereum development. Built DeFi protocols handling $50M+ in total value locked. Experience with NFT marketplaces and tokenization systems. Strong understanding of blockchain security and audit practices. Contributed to open-source blockchain projects. Experience with multiple blockchain platforms including Polygon and Binance Smart Chain.",Software Engineering,Mid,87,12,2024-02-16
SE_014,"Megan Taylor - Quality Assurance Engineer with test automation expertise. 6+ years implementing comprehensive testing strategies. Expert in Selenium, Cypress, and API testing frameworks. Built CI/CD testing pipelines improving code quality by 60%. Experience with performance testing and load testing tools. Strong background in manual testing and test case design. Implemented test-driven development practices across development teams. Excellent bug tracking and defect management skills.",Software Engineering,Senior,84,11,2024-02-17
SE_015,"Joshua Martinez - Platform Engineer with Kubernetes and service mesh experience. 7 years building developer platforms and internal tooling. Expert in container orchestration and microservices architecture. Built self-service deployment platforms used by 100+ developers. Experience with service mesh technologies including Istio and Linkerd. Strong background in infrastructure automation and monitoring. Implemented developer productivity tools reducing deployment time by 70%. Excellent mentoring and technical leadership skills.",Software Engineering,Senior,93,15,2024-02-18
DA_011,"Olivia Anderson - Business Intelligence Analyst with advanced analytics and reporting expertise. 6+ years building enterprise dashboards and KPI tracking systems. Expert in Tableau, Power BI, and advanced SQL for data analysis. Implemented self-service analytics platforms used by 500+ business users. Experience with data modeling and dimensional design. Strong background in statistical analysis and trend forecasting. Built automated reporting systems saving 100+ hours monthly. Excellent stakeholder management and training skills.",Data Analyst,Senior,91,14,2024-02-19
DA_012,"Ethan Thompson - Product Data Analyst with user behavior and growth analytics expertise. 4+ years driving product decisions through data-driven insights. Expert in product analytics tools including Mixpanel, Amplitude, and Google Analytics. Built cohort analysis and retention modeling systems. Experience with A/B testing and experimentation frameworks. Strong background in user journey analysis and conversion optimization. Implemented product metrics and KPI tracking dashboards. Excellent collaboration with product and engineering teams.",Data Analyst,Mid,88,12,2024-02-20
DA_013,"Isabella Wilson - Risk Data Analyst with credit risk and fraud detection experience. 5 years building predictive models for financial risk assessment. Expert in machine learning algorithms and statistical modeling. Built credit scoring models reducing default rates by 35%. Experience with fraud detection systems and anomaly detection. Strong background in regulatory compliance and model validation. Implemented real-time risk monitoring and alerting systems. Excellent documentation and model governance skills.",Data Analyst,Mid,90,13,2024-02-21
DA_014,"Noah Davis - Customer Analytics Specialist with loyalty program and lifetime value expertise. 6+ years analyzing customer behavior and engagement patterns. Expert in customer segmentation and personalization strategies. Increased customer lifetime value by 40% through targeted campaigns. Experience with CRM systems and marketing automation platforms. Strong background in statistical analysis and predictive modeling. Built customer health scoring and churn prediction models. Excellent presentation and storytelling skills.",Data Analyst,Senior,89,13,2024-02-22
DA_015,"Sophia Rodriguez - Pricing Data Analyst with revenue optimization and competitive analysis experience. 4 years developing dynamic pricing strategies and models. Expert in price elasticity analysis and market research. Improved profit margins by 25% through pricing optimization. Experience with competitive intelligence and market positioning. Strong background in econometrics and statistical modeling. Built pricing recommendation engines and monitoring systems. Excellent analytical and problem-solving skills.",Data Analyst,Mid,87,11,2024-02-23
CON_011,"William Johnson - Digital Transformation Consultant with agile and innovation expertise. 8+ years leading digital initiatives for Fortune 500 companies. Expert in design thinking and innovation methodologies. Improved customer engagement by 60% through digital solutions. Experience with agile transformation and organizational change. Strong background in technology strategy and roadmap development. Built innovation labs and experimentation frameworks. Excellent facilitation and workshop leadership skills.",Consultant,Senior,93,16,2024-02-24
CON_012,"Emma Martinez - Change Management Consultant with organizational transformation experience. 5+ years managing change initiatives affecting 10,000+ employees. Expert in stakeholder engagement and communication planning. Achieved 95% adoption rates for major system implementations. Experience with culture transformation and leadership development. Strong background in organizational psychology and behavior change. Built change readiness assessments and training programs. Excellent coaching and mentoring skills.",Consultant,Mid,88,13,2024-02-25
CON_013,"Liam Anderson - Business Process Consultant with workflow optimization and automation expertise. 6 years automating manual processes saving 1000+ hours monthly. Expert in process mapping and improvement methodologies. Implemented robotic process automation (RPA) solutions. Experience with business process management (BPM) tools. Strong background in lean manufacturing and Six Sigma. Built process documentation and standard operating procedures. Excellent project management and team leadership skills.",Consultant,Senior,90,14,2024-02-26
CON_014,"Ava Thompson - Customer Experience Consultant with journey mapping and service design expertise. 4+ years improving customer satisfaction scores by 30% through experience optimization. Expert in voice of customer programs and feedback analysis. Experience with service design and user experience research. Strong background in customer journey mapping and touchpoint analysis. Built customer experience measurement and monitoring systems. Excellent facilitation and workshop design skills.",Consultant,Mid,86,12,2024-02-27
CON_015,"Mason Wilson - Merger & Acquisition Consultant with integration and synergy realization experience. 7+ years managing post-merger integrations achieving 95% of projected synergies. Expert in cultural integration and communication strategies. Experience with due diligence and deal structuring. Strong background in organizational design and change management. Built integration planning and execution frameworks. Excellent stakeholder management and negotiation skills.",Consultant,Senior,92,15,2024-02-28
SE_016,"Grace Lee - Cybersecurity Analyst with threat detection and incident response expertise. 5+ years implementing security monitoring and compliance frameworks. Expert in SIEM tools and security orchestration platforms. Reduced security incidents by 70% through proactive monitoring. Experience with penetration testing and vulnerability assessment. Strong background in security frameworks including NIST and ISO 27001. Built security awareness training and phishing simulation programs. Excellent incident response and forensic analysis skills.",Software Engineering,Mid,91,14,2024-03-01
SE_017,"Lucas Davis - Software Architect with large-scale system design expertise. 10+ years designing distributed systems for high-traffic applications. Expert in microservices architecture and API design. Built systems handling 1M+ concurrent users with sub-second response times. Experience with event-driven architecture and message queuing. Strong background in database design and performance optimization. Led technical teams of 15+ engineers across multiple projects. Excellent technical mentoring and code review skills.",Software Engineering,Senior,96,18,2024-03-02
SE_018,"Chloe Rodriguez - UX Engineer with frontend development and design system expertise. 4+ years building accessible and responsive user interfaces. Expert in React, TypeScript, and modern CSS frameworks. Built design systems used across 20+ product teams. Experience with user research and usability testing. Strong background in accessibility standards and inclusive design. Implemented performance optimization achieving 90+ Lighthouse scores. Excellent collaboration with design and product teams.",Software Engineering,Mid,85,11,2024-03-03
SE_019,"Caleb Martinez - Database Administrator with performance tuning and optimization expertise. 8 years managing enterprise databases supporting millions of transactions. Expert in PostgreSQL, MySQL, and database clustering technologies. Improved query performance by 80% through optimization and indexing. Experience with database migration and disaster recovery planning. Strong background in data backup and security protocols. Built database monitoring and alerting systems. Excellent troubleshooting and problem-solving skills.",Software Engineering,Senior,89,13,2024-03-04
SE_020,"Zoe Anderson - Technical Writer with API documentation and developer relations expertise. 5+ years creating comprehensive technical documentation and tutorials. Expert in documentation tools and content management systems. Built developer portals and interactive API documentation. Experience with technical training and workshop facilitation. Strong background in technical communication and information architecture. Implemented documentation workflows and style guides. Excellent writing and editing skills with technical accuracy.",Software Engineering,Mid,82,9,2024-03-05
DA_016,"Logan Thompson - Fraud Analytics Specialist with machine learning and pattern recognition expertise. 6+ years building fraud detection systems for financial institutions. Expert in anomaly detection algorithms and real-time monitoring. Reduced fraud losses by 50% through advanced analytics and automation. Experience with graph analytics and network analysis. Strong background in statistical modeling and feature engineering. Built fraud investigation tools and case management systems. Excellent collaboration with compliance and legal teams.",Data Analyst,Senior,93,15,2024-03-06
DA_017,"Lily Wilson - Web Analytics Specialist with digital marketing and conversion optimization expertise. 4 years improving website performance through user behavior analysis. Expert in Google Analytics, Adobe Analytics, and tag management. Increased conversion rates by 40% through data-driven optimization. Experience with heat mapping tools and user session analysis. Strong background in digital marketing attribution and campaign analysis. Built automated reporting and alerting systems. Excellent presentation and stakeholder communication skills.",Data Analyst,Mid,86,11,2024-03-07
DA_018,"Jackson Davis - Inventory Analytics Analyst with demand planning and forecasting expertise. 5+ years optimizing inventory levels and reducing stockouts. Expert in time series forecasting and demand sensing algorithms. Reduced inventory costs by 30% while maintaining 98% service levels. Experience with supply chain analytics and vendor performance analysis. Strong background in statistical modeling and optimization techniques. Built inventory planning and replenishment systems. Excellent cross-functional collaboration skills.",Data Analyst,Mid,88,12,2024-03-08
DA_019,"Harper Rodriguez - Credit Risk Analyst with lending and underwriting expertise. 6 years building credit scoring models and portfolio analysis tools. Expert in machine learning for risk assessment and regulatory compliance. Improved loan approval rates by 25% while maintaining risk standards. Experience with credit bureau data and alternative data sources. Strong background in model validation and stress testing. Built automated underwriting and decision systems. Excellent regulatory reporting and documentation skills.",Data Analyst,Senior,91,14,2024-03-09
DA_020,"Aiden Martinez - Market Research Analyst with consumer behavior and brand analysis expertise. 4+ years conducting primary research and competitive intelligence. Expert in survey design and statistical analysis of market data. Provided insights leading to $10M+ in new product revenue. Experience with focus group facilitation and qualitative research. Strong background in market segmentation and positioning analysis. Built market sizing and opportunity assessment models. Excellent report writing and presentation skills.",Data Analyst,Mid,84,10,2024-03-10
CON_016,"Scarlett Johnson - Innovation Consultant with R&D and product development expertise. 7+ years helping companies launch 100+ new products and services. Expert in innovation processes and intellectual property strategy. Generated $50M+ in new revenue through innovation initiatives. Experience with design thinking and lean startup methodologies. Strong background in technology commercialization and market validation. Built innovation labs and experimentation frameworks. Excellent ideation facilitation and prototype development skills.",Consultant,Senior,94,16,2024-03-11
CON_017,"Hunter Anderson - Cybersecurity Consultant with risk assessment and compliance expertise. 5 years improving security posture for 200+ organizations. Expert in security frameworks and regulatory compliance requirements. Reduced security vulnerabilities by 80% through comprehensive assessments. Experience with incident response and forensic investigations. Strong background in security architecture and threat modeling. Built security awareness programs and training curricula. Excellent client communication and technical writing skills.",Consultant,Mid,90,14,2024-03-12
CON_018,"Layla Thompson - Organizational Design Consultant with structure optimization and role definition expertise. 6+ years redesigning organizations improving efficiency by 35%. Expert in job design and reporting relationship optimization. Experience with workforce planning and succession management. Strong background in organizational psychology and change management. Built competency frameworks and performance management systems. Excellent facilitation and stakeholder engagement skills.",Consultant,Senior,87,13,2024-03-13
CON_019,"Carter Wilson - Performance Improvement Consultant with KPI development and measurement expertise. 4 years implementing performance management systems across industries. Expert in balanced scorecards and dashboard development. Improved organizational performance by 40% through metrics and accountability. Experience with benchmarking and best practice identification. Strong background in continuous improvement and operational excellence. Built performance coaching and development programs. Excellent data analysis and visualization skills.",Consultant,Mid,89,12,2024-03-14
CON_020,"Penelope Davis - Regulatory Consultant with compliance and policy development expertise. 8+ years helping companies navigate complex regulatory environments. Expert in regulatory strategy and government relations. Achieved 100% compliance rates for major regulatory implementations. Experience with policy analysis and impact assessment. Strong background in legal research and regulatory interpretation. Built compliance monitoring and reporting systems. Excellent stakeholder management and negotiation skills.",Consultant,Senior,91,15,2024-03-15
